plot_id,xcoord,ycoord,heathy_200,heathy_400,heathy_600,heathy_800,heathy_1000,heathy_1200,heathy_1400,heathy_1600,heathy_1800,heathy_2000,cleared_200,cleared_400,cleared_600,cleared_800,cleared_1000,cleared_1200,cleared_1400,cleared_1600,cleared_1800,cleared_2000,edgelength_200,edgelength_400,edgelength_600,edgelength_800,edgelength_1000,edgelength_1200,edgelength_1400,edgelength_1600,edgelength_1800,edgelength_2000,firediversity_200,firediversity_400,firediversity_600,firediversity_800,firediversity_1000,firediversity_1200,firediversity_1400,firediversity_1600,firediversity_1800,firediversity_2000,midSucc_200,midSucc_400,midSucc_600,midSucc_800,midSucc_1000,midSucc_1200,midSucc_1400,midSucc_1600,midSucc_1800,midSucc_2000,growthstage,TSF
1,297144,6125913,12.87,47.07,74.7,100.98,123.75,147.6,161.28,182.07,227.43,277.29,0,2.34,34.47,90.45,171.18,275.94,410.13,561.87,719.82,882.09,0,720,3120,6060,8700,13530,17820,24570,35460,46080,0.453317901,0.385192666,0.36849105,0.385715697,0.323205785,0.271031751,0.245452608,0.211353272,0.168215341,0.142305463,0,0,0,0,0,0,0,0,0,0,4,75
4,290920,6135369,12.33,39.87,86.04,154.53,211.68,259.56,310.14,351.18,375.39,412.11,0,0,0,0.63,8.01,24.93,36.18,63.63,120.06,193.41,0,0,0,300,1830,5190,8730,15420,21300,29940,0,0,0.007930088,0.170726538,0.294071389,0.4008952,0.45862089,0.478231448,0.489560693,0.513061046,0,0,0,0,1.89,11.34,20.16,21.69,40.68,74.79,4,47
5,296196,6120145,8.55,22.77,32.13,56.61,91.62,120.6,144,179.19,214.56,246.24,4.14,22.68,62.91,109.44,176.67,265.68,384.39,508.86,663.57,847.98,690,2610,4380,9180,14550,20640,29250,37710,46260,53940,0.563265969,0.625576929,0.623397612,0.451958171,0.312719376,0.24320199,0.199387056,0.162310385,0.137670419,0.120217883,0,0,0,0,0,0,0,0,0,0,1,1
8,296676,6121050,9.18,23.49,36.18,52.47,81.18,113.67,149.76,189.9,223.11,254.52,2.43,24.48,71.19,136.89,209.7,301.68,412.56,535.95,666.09,817.65,810,3360,5940,8520,12660,17880,24270,31980,39090,46770,0,0,0.052104164,0.26098497,0.272576649,0.247203894,0.233592273,0.215971714,0.192352372,0.176323887,0,0,0,0,0,0,0,0,0,0,4,39
15,291322,6136099,11.43,35.01,59.49,96.66,145.8,203.58,280.44,368.91,433.8,498.96,0,0,0,0,3.24,7.56,11.61,30.51,70.92,119.7,0,0,480,600,1980,3780,5550,9960,16410,24390,0.247847091,0.507014149,0.542929139,0.518600818,0.491340322,0.518413369,0.555123819,0.590237198,0.631390924,0.648257726,0,0,0.18,0.9,11.97,39.87,79.74,115.02,161.73,196.47,1,1
16,289898,6114481,11.7,36.63,84.33,152.64,240.84,331.83,422.73,509.85,596.88,688.23,0,1.53,4.5,13.95,28.26,47.7,64.17,88.47,125.46,189.99,0,390,960,2940,6390,8940,12300,16530,21690,30120,0,0,0.056043046,0.151012493,0.33535724,0.420856163,0.476516405,0.504217291,0.502970245,0.495463218,0,0,0,0,1.26,4.14,12.06,29.07,50.13,77.49,4,85
18,293677,6114746,8.37,30.69,65.16,115.47,191.25,267.12,353.97,459.9,582.84,728.28,4.32,19.26,42.66,72.81,103.5,147.06,194.31,248.49,298.17,351.45,570,1110,2130,4050,7020,10680,16470,22440,30360,35220,0,0.358657954,0.46409066,0.499633781,0.477178954,0.457407303,0.455974531,0.461889746,0.465296899,0.475440308,0,0,0,0,0,0,2.79,16.29,36.54,65.52,2,7
19,290709,6131133,10.71,31.05,70.2,118.44,172.71,228.87,279.45,315.27,346.68,387.99,0,2.88,7.2,23.22,52.47,93.69,150.75,218.88,302.04,385.11,0,630,1200,2250,3210,5610,11430,18000,26190,34890,0.498319681,0.445272076,0.278432471,0.266903109,0.304040045,0.321584194,0.329303896,0.337857267,0.327263493,0.339303501,0,0,0,0,0,0,0,0,0,0,2,13
21,296444,6120436,12.33,30.96,40.59,61.29,80.82,112.05,149.22,177.66,210.87,249.57,0.18,14.76,58.95,117.36,194.22,280.98,394.56,528.84,678.24,848.97,120,2040,5130,9360,13200,19350,26340,34740,42780,51780,0.618061224,0.613077561,0.533950271,0.415362567,0.344272801,0.26364572,0.205018472,0.168800643,0.145010597,0.14420051,0,0,0,0,0,0,0,0,0,0,2,10
22,294307,6111991,10.8,29.88,62.01,116.28,182.88,264.96,359.1,456.93,546.66,646.83,0,0.18,6.75,15.3,33.3,63,106.65,165.42,252.63,350.19,480,1170,2550,4110,5040,7410,12240,16920,23370,30900,0.074514753,0.488378099,0.606690227,0.670925131,0.667034292,0.671147417,0.677771742,0.674245888,0.660934095,0.642277471,11.16,21.24,33.3,50.58,78.39,110.61,133.47,142.74,142.74,142.74,3,29
25,293121,6113129,12.78,44.37,89.28,157.59,252.81,365.04,476.64,610.47,751.86,890.82,0,5.31,17.46,28.8,35.64,45.54,66.6,91.98,118.71,166.77,0,600,2070,3720,6210,9960,16350,23040,31590,39540,0,0.04261543,0.190989588,0.366779193,0.502175528,0.591743769,0.622696249,0.632719017,0.631769345,0.620776833,0,0.99,8.46,24.03,46.08,70.02,94.68,122.22,140.58,142.74,4,78
27,301344,6133916,5.94,11.97,18,23.22,30.69,41.4,54.18,63.72,82.8,114.93,1.53,25.56,70.83,140.76,230.31,344.88,478.62,636.3,808.11,981.9,690,2340,4890,7080,10440,13680,17520,21600,28290,36030,0,0,0,0,0,0,0,0,0,0,0,0,0,0,0,0,0,0,0,0,4,80
28,291661,6134334,10.35,31.32,63.45,101.34,154.08,212.76,274.41,340.56,396.09,434.07,0,9.99,26.64,55.62,91.71,138.06,193.95,252.36,336.15,432.36,60,1620,2160,3930,7350,11670,16710,24780,32670,41460,0.362093059,0.483540743,0.495023725,0.512045175,0.506537703,0.500697219,0.482258109,0.427067814,0.405117407,0.405818268,0,0,0,0,0,0,0,0,0,3.78,2,15
30,292056,6137980,12.69,46.89,88.56,127.53,151.47,164.34,171.36,172.08,173.25,189.99,0,0,0,3.96,11.16,28.08,54.09,101.43,189.09,277.02,0,0,0,990,2340,5190,10560,18000,25620,33330,0.395510204,0.66206735,0.597574952,0.540147467,0.523553069,0.531507722,0.576887847,0.606494964,0.636392851,0.665370285,0,14.22,60.3,118.53,188.55,265.86,326.88,369.99,393.93,421.92,2,11
33,295452,6120239,8.1,20.79,42.3,77.76,117,146.16,175.14,210.6,246.42,283.59,2.07,14.49,41.58,82.26,143.64,228.69,336.24,462.42,610.83,775.53,750,2880,6900,13200,20430,27810,37410,46770,56160,66930,0,0,0.04302553,0.096138439,0.169200713,0.183173649,0.166745134,0.138804041,0.119847168,0.103470267,0,0,0,0,0,0,0,0,0,0,4,36
36,292218,6137117,8.28,21.42,42.66,77.13,115.56,159.84,203.76,246.33,291.87,329.49,0,0.72,2.25,8.55,25.92,61.47,108,163.26,211.86,265.14,0,600,1470,3540,7470,11250,14490,18270,23580,32340,0.120306122,0.360184949,0.570736791,0.672023263,0.700356967,0.717949361,0.722420972,0.719182093,0.711106928,0.707337884,11.79,39.33,67.86,96.03,131.49,161.64,201.78,253.26,316.71,366.66,3,34
37,288846,6128396,8.37,25.38,52.29,87.84,123.93,164.97,217.89,287.82,375.57,478.8,0,0,0,2.52,8.91,15.03,34.2,63.63,99.18,161.64,0,0,0,1770,5070,7380,10890,18570,26550,36180,0.293367347,0.422405877,0.464454498,0.481964717,0.435619051,0.400464916,0.436419037,0.462375804,0.462152413,0.457973075,0,0,0,0,0,0,0,0,0,0,4,36
38,291537,6137175,8.46,26.28,55.44,89.01,120.96,167.04,215.37,249.93,283.41,332.1,0,0,0,0.54,4.68,9.54,16.56,44.28,85.41,137.52,0,510,660,1530,2910,5280,8910,14700,20370,26700,0.203716164,0.396356898,0.508166514,0.619542451,0.67545004,0.711246622,0.725995485,0.718722655,0.708523473,0.699838637,11.07,38.07,72.99,105.75,147.6,184.59,219.33,264.15,302.4,340.11,3,34
41,291962,6131192,10.62,30.87,55.08,88.2,124.74,163.08,203.67,233.28,270.36,301.5,0.99,13.41,32.04,59.85,116.73,194.22,295.29,408.24,521.01,661.05,360,1440,2850,5280,8190,12480,15900,20340,30810,40350,0.014705075,0.541463261,0.653421431,0.625084509,0.587173158,0.558253166,0.529503808,0.488188373,0.430948638,0.39202711,0,0,0,0,0,0,0,0,0,0,2,5
42,292240,6134837,12.6,48.78,99.63,165.51,224.73,268.02,318.15,366.84,421.11,483.03,0,1.71,12.06,27.18,55.53,113.85,177.21,265.41,347.94,434.7,0,360,1980,4890,7440,12690,17610,24270,32100,41850,0.014183673,0.205232772,0.362256063,0.53295048,0.550743692,0.507157071,0.471872469,0.448199383,0.436408033,0.425875005,0,0,0,0,0,0,0,0,1.08,6.48,2,12
50,291868,6131650,0.81,17.73,53.01,97.83,147.42,183.6,208.62,233.28,257.13,286.29,0,0.27,12.33,32.04,79.56,150.84,244.44,344.61,476.37,627.03,0,120,2310,5550,9240,13560,18810,23640,29970,39000,0.49957992,0.499973934,0.594990349,0.583989082,0.561880271,0.53698684,0.507409171,0.461714094,0.417621903,0.384334081,0,0,0,0,0,0,0,0,0,0,2,11
52,290578,6131770,5.85,15.66,43.2,90.99,127.89,179.37,229.5,269.64,306.72,343.17,0,0,0,3.6,27.27,51.3,79.47,138.6,229.23,344.97,0,0,540,2010,5970,9060,12960,17670,24990,34140,0,0,0.04528815,0.195785701,0.248046618,0.273380228,0.292624468,0.300723445,0.2901392,0.2752252,0,0,0,0,0,0,0,0,0,0,4,85
53,298644,6129707,12.24,45,88.74,130.95,177.21,232.38,300.87,374.58,449.37,502.56,0.09,5.04,21.87,63,126.09,202.41,289.26,391.95,504.09,650.52,60,1590,4320,7740,11460,19650,29310,39480,49770,59850,0,0,0.067597566,0.236325966,0.349525081,0.353717638,0.329503579,0.321645715,0.295483608,0.269892274,0,0,0,0.36,2.16,2.16,2.16,2.16,2.16,2.16,4,74
55,287957,6123042,11.52,34.29,64.08,109.98,167.94,211.68,278.19,338.67,417.24,502.02,0.27,3.69,21.51,41.67,56.16,67.77,94.41,153.27,232.92,338.58,150,1620,4530,8130,10440,14070,19980,28500,37260,44070,0.442798443,0.466248581,0.43108882,0.430018971,0.44199498,0.421512104,0.415633497,0.394116362,0.364133604,0.341176999,0,0,0,0,0,0,0,0,0,0,2,6
57,290364,6128615,9.99,25.74,68.13,134.73,199.89,273.06,345.96,418.77,495.36,595.98,0,0,0,5.85,29.61,58.32,108.72,182.7,270.09,353.25,0,0,0,2220,5700,10320,16800,22770,27510,32790,0.1171875,0.399357195,0.540823786,0.591031335,0.612095771,0.614512816,0.597988685,0.575557457,0.545046714,0.513547964,0,0,0,0,0,0,0,0,0,0,4,36
58,289396,6128470,5.49,21.51,50.58,89.73,148.77,230.94,311.04,391.05,486.54,595.26,0,2.43,7.02,7.02,7.02,8.37,10.8,33.48,77.85,139.05,390,1200,2220,2220,2220,2670,6270,11610,20880,30750,0.480601469,0.49854799,0.570213849,0.524150515,0.485308162,0.488790909,0.493750092,0.489135479,0.494339378,0.496627111,0,0,0,0,0,0,0,0,0,0,2,9
59,298700,6129229,12.42,47.7,88.38,126.36,175.14,228.6,285.21,360.45,417.69,475.74,0,2.7,20.88,68.31,130.05,207.18,308.61,410.85,543.87,692.55,0,930,3900,7710,12060,20070,27660,39270,47730,56220,0.314744802,0.4296875,0.443380186,0.452359895,0.423671277,0.408651991,0.374719924,0.322478993,0.289976385,0.298997586,0,0,0,1.98,2.16,2.16,2.16,2.16,2.16,2.16,4,77
61,290282,6126264,12.6,50.04,100.62,162.36,226.08,305.19,404.82,502.2,599.67,705.96,0,0,5.67,16.65,27.9,41.76,59.85,88.29,139.95,204.75,0,270,1980,4770,8610,13560,20130,26340,33540,42900,0.181150044,0.268577806,0.352282063,0.415718804,0.437247162,0.446972578,0.449558173,0.448405524,0.445566181,0.430920781,0,0,0,0,0,0,0,0,0,0,4,36
63,290568,6127925,12.6,45.45,100.17,173.61,255.96,343.08,433.17,526.77,621.36,714.42,0,0,0.72,9.36,26.73,52.29,98.1,165.78,244.44,322.74,0,0,360,2850,6300,10650,14700,20100,26700,35100,0.352698556,0.65431932,0.661600029,0.647926978,0.622391553,0.584493473,0.561897084,0.528639453,0.503420142,0.489232546,0,0,0,0,0,0,0,0,0,0,1,2
64,289317,6127949,12.51,42.75,96.12,169.11,235.44,299.43,375.03,480.06,586.26,665.91,0,3.96,7.02,7.02,7.02,7.02,10.62,16.2,39.42,108.9,0,810,1920,2220,2310,3360,7170,11520,19500,31770,0.584276445,0.449634225,0.362238,0.415953195,0.449790868,0.423316302,0.417020168,0.441950661,0.471130002,0.490209032,0,0,0,0,0,0,0,0,0,0,1,3
65,288962,6127681,12.51,50.22,107.82,169.29,222.12,297.72,377.1,445.32,530.82,630.72,0,0,0,2.88,9.99,12.42,25.38,54.54,93.51,150.21,0,0,0,1620,6210,9960,13770,20850,27960,33120,0,0.118966868,0.286796616,0.302412988,0.309354206,0.351448319,0.389395586,0.409511845,0.4129174,0.424555197,0,0,0,0,0,0,0,0,0,0,4,36
66,298174,6128059,11.25,32.22,59.13,95.49,145.62,201.78,257.67,308.52,360.81,410.94,0.81,15.93,50.31,100.35,161.46,230.94,332.73,453.06,589.32,748.53,360,2250,5370,11340,14610,21030,29370,38220,46020,51720,0.492653811,0.498181864,0.481568,0.456858416,0.433527206,0.433754523,0.37937851,0.330045717,0.309965276,0.308321639,0,0,0,0,0,1.98,2.16,2.16,2.16,2.16,2,10
67,291088,6127551,8.64,34.83,75.15,133.11,207.27,289.17,377.19,455.85,536.31,633.96,3.51,13.23,32.31,56.34,89.19,132.3,187.38,247.05,318.87,400.86,960,3000,5580,8310,10860,15330,19350,23940,31200,36960,0.632002298,0.661539158,0.661324448,0.655984269,0.631760065,0.591855845,0.563394447,0.525629053,0.495881235,0.476003011,0,0,0,0,0,0,0,0,0,0,1,3
68,289825,6126380,12.51,50.49,106.02,176.49,258.39,341.82,441.72,562.05,689.49,778.05,0,0,0,3.87,19.08,44.91,65.25,84.42,110.88,174.06,0,0,840,2340,5520,11730,18120,25860,34980,45390,0,0.03157082,0.201123956,0.320136776,0.403579405,0.403357008,0.409068551,0.418544625,0.42315983,0.418003105,0,0,0,0,0,0,0,0,0,0,4,36
70,289322,6114674,10.62,38.97,88.02,144.9,194.58,252.45,319.05,386.46,475.2,586.17,1.98,5.67,9.54,15.75,36.9,65.43,109.8,163.35,233.46,306.54,450,1140,2490,4200,6960,10440,15690,22440,31950,38670,0.254448509,0.377415402,0.399811393,0.391174951,0.41842922,0.482116728,0.565900719,0.58991738,0.567251674,0.538742828,0,0,0,3.15,17.1,41.31,71.01,93.42,102.33,107.73,4,85
71,289303,6115314,10.17,40.41,89.55,149.4,200.16,259.74,328.05,398.34,484.74,597.15,0,2.25,12.78,25.92,54,84.15,125.55,189,265.5,353.07,180,870,2490,4140,7650,13260,20760,28680,39060,47550,0.212061768,0.477096399,0.539839009,0.576330687,0.593842798,0.606208543,0.588394994,0.564251435,0.536820224,0.517613228,0,0.09,3.24,4.59,9.36,29.88,50.04,70.56,88.29,97.92,2,12
72,290012,6125544,11.34,35.19,66.33,101.88,156.24,234.27,327.87,416.07,501.93,606.96,0,0.09,6.12,21.69,40.95,63.45,76.86,108.81,151.83,193.95,0,1770,4230,7560,13110,19500,23760,29580,36330,45600,0.055897728,0.396017079,0.540997078,0.553233262,0.467194298,0.391491579,0.367697216,0.34429454,0.326782416,0.326990041,0,0,0,0,0,0,0,0,0,0,2,9
74,289327,6115843,12.69,45.45,81,118.44,171.72,241.74,319.95,398.07,484.47,577.17,0,4.86,23.94,60.03,102.51,141.03,187.92,243.9,305.01,401.58,0,840,3390,7830,11970,17460,25590,33630,42570,51300,0.122142857,0.43793397,0.637803248,0.651772345,0.613336017,0.562024156,0.539124724,0.514830677,0.489196744,0.474576124,0.27,4.5,4.59,4.59,4.59,5.85,19.26,35.91,56.43,78.03,2,12
76,296110,6115506,5.4,18.45,29.16,30.51,30.51,32.31,36.63,59.31,102.42,153.54,4.23,21.69,69.3,145.8,246.15,367.65,510.93,647.37,792.63,956.34,690,2340,4470,6390,7290,9690,13080,16110,22170,29610,0,0.095908581,0.241040948,0.244529448,0.230617057,0.19632268,0.162428853,0.113825088,0.075337697,0.053920258,0,0,0,0,0,0,0,0,0,0,4,39
77,294516,6127075,3.96,10.71,15.3,34.29,65.16,98.01,119.97,141.03,171,217.71,8.19,32.22,85.77,145.89,220.77,318.42,444.24,582.03,726.57,869.85,990,2400,3840,7350,11190,18360,25170,31920,35910,42810,0,0,0,0,0,0.066138578,0.082828587,0.081581554,0.082144086,0.088277675,0,0,0,0,0,0,0,0,0,0,4,74
78,291136,6112234,12.69,43.56,87.21,137.79,196.92,270.63,361.08,466.83,582.57,715.05,0,0,0,0,0,0,0,0,0.63,4.05,0,780,2790,5370,9450,13020,16860,19110,22920,27540,0.203716164,0.421264802,0.483160095,0.488884127,0.482589012,0.473865297,0.463500693,0.468207441,0.480069876,0.490362448,0,0,0,0,0,0,0,0.18,0.27,3.33,4,78
79,287548,6121784,6.84,17.91,51.93,78.21,100.8,147.6,199.8,261.09,326.43,390.78,0.45,5.04,11.79,39.51,81.18,125.82,182.7,252.36,326.7,415.53,420,2520,5520,10470,17370,23610,30270,38070,44310,49080,0.241699219,0.540095486,0.523947427,0.501286187,0.457627547,0.407306739,0.370701786,0.357216571,0.383761163,0.381250562,0,0,0,0,0,0,0,0,0,0.27,2,5
80,287980,6122041,8.64,19.98,35.01,56.25,88.83,129.15,185.67,251.73,330.57,417.6,0,6.84,23.31,39.33,77.49,141.12,203.67,271.98,349.74,436.23,330,2310,5400,10350,15750,21900,28560,36240,44430,53220,0.225843621,0.568255173,0.603727535,0.50135187,0.460953719,0.417733562,0.383186679,0.386481406,0.402614523,0.400219759,0,0,0,0,0,0,0,0,0.54,9.72,1,4
83,291198,6121181,12.51,37.62,76.86,126.72,185.76,247.86,296.82,356.49,417.96,482.67,0,9.81,25.74,48.42,83.34,125.37,196.38,279.9,368.82,481.14,0,1890,4950,10650,14040,16950,23640,33120,45900,55650,0.555660576,0.693757026,0.731112463,0.728431784,0.717502164,0.697234535,0.683250634,0.656528852,0.626797605,0.589982009,6.3,15.48,30.96,52.83,68.13,84.6,101.16,117.27,137.88,146.61,3,25
85,290403,6121116,12.51,47.7,100.35,170.73,241.38,300.51,322.38,353.25,405,472.41,0,2.43,11.88,28.8,66.78,136.44,233.46,339.3,441.81,547.02,0,450,2220,4680,10470,17070,24270,32640,40950,53400,0.390663009,0.522206282,0.580203249,0.643467445,0.68305739,0.691133678,0.690538343,0.676529942,0.642237315,0.589907149,3.33,22.05,54.9,86.49,110.61,137.52,145.8,146.97,148.5,148.5,2,9
88,291702,6120366,9.45,31.05,59.85,88.2,117.54,165.06,228.15,303.66,381.15,450.63,0,5.13,31.5,78.12,152.19,224.28,294.12,368.82,453.96,561.51,390,2280,6270,12540,17040,23550,31830,40140,50430,58770,0,0.077995902,0.219743617,0.384672636,0.486972047,0.532037773,0.542097725,0.565101136,0.572640987,0.559605885,0,1.8,7.11,14.85,27.09,49.68,73.71,92.16,109.26,121.86,4,39
91,295586,6119475,6.03,13.5,18.27,30.87,56.52,88.92,129.51,160.47,176.04,210.42,4.77,23.76,64.26,127.35,203.04,289.8,388.35,523.26,691.29,870.3,960,2940,6000,9900,15030,22440,30480,38640,44580,54090,0,0.017697704,0.08980017,0.062808014,0.135685518,0.164908921,0.183562638,0.169025881,0.150758436,0.128035447,0,0,0,0,0,0,0,0,0,0,4,36
92,300343,6132315,9.99,29.97,39.69,47.52,49.14,52.2,67.59,99.18,136.17,183.78,1.98,16.47,62.73,128.25,225.36,340.74,476.46,608.94,764.82,931.59,600,3150,5310,8370,9840,11190,16740,25680,33630,43890,0,0,0,0,0,0,0,0,0,0.048765838,0,0,0,0,0,0,0,0,0,0,4,84
96,292742,6116174,12.69,43.56,89.28,151.65,236.79,332.55,426.24,536.13,661.5,801.36,0,0,0,0,0,2.16,25.29,66.78,122.13,194.04,0,150,420,600,600,1950,6030,11460,18150,27330,0.43622449,0.4971875,0.412695324,0.308416448,0.25851938,0.232862072,0.247898204,0.299523363,0.336921427,0.369725011,0,0,0,0,0,0,0,0,0,0,4,39
97,287666,6115111,3.42,21.42,59.13,88.92,110.43,130.41,159.3,218.61,306.36,409.14,2.43,13.77,16.74,38.16,96.57,184.32,285.66,392.31,507.96,630.09,630,2640,3600,6960,11460,17100,22170,27270,32790,38670,0.605064248,0.674443603,0.639671178,0.592353724,0.592443397,0.603993082,0.601654413,0.61422241,0.60861068,0.601504742,3.06,11.61,31.95,51.21,70.47,86.85,91.35,93.96,96.39,107.73,4,71
98,289931,6115808,8.37,39.15,90.63,143.01,202.41,259.02,334.98,421.65,534.6,646.65,2.34,5.22,13.32,37.62,62.19,113.49,168.12,219.42,268.65,336.06,480,1260,2280,6780,13470,18780,24180,30210,38250,48090,0.031737773,0.426395606,0.621807051,0.639437544,0.60713429,0.545019282,0.497010105,0.446558362,0.41692783,0.414714489,0,3.51,4.59,4.59,4.59,4.59,4.59,4.59,12.33,32.58,1,3
99,290770,6115692,3.96,16.02,48.06,100.17,173.34,274.95,390.87,509.85,633.24,759.87,2.43,7.29,14.76,27.45,49.32,60.48,83.7,124.11,184.68,259.02,960,3300,5340,8220,10200,13920,18900,25710,34320,42180,0.577857143,0.515396691,0.457955517,0.417824064,0.398080164,0.39197025,0.41934021,0.438188418,0.446091376,0.456966503,0,0,0,0,0,2.16,4.59,4.59,4.59,4.68,1,3
100,288919,6115013,10.8,21.24,49.59,91.98,148.5,214.56,287.64,375.66,469.08,548.1,0,9.72,17.19,26.91,47.43,84.06,135.63,207.81,293.49,405.18,0,1890,3750,5400,7380,12510,20280,27900,37320,43950,0.15879017,0.434577953,0.572777027,0.614520927,0.615041404,0.607219636,0.599953433,0.582815857,0.555268203,0.524329583,0,0.09,8.37,29.61,54.18,77.22,90.9,95.76,102.6,102.69,2,5
101,286516,6114396,7.47,16.11,51.75,112.68,173.52,234.72,296.1,349.02,386.28,431.55,5.13,33.21,60.39,84.42,115.02,159.93,226.17,319.05,447.3,593.82,900,1950,4140,6300,8430,13260,17460,24090,30660,35520,0.361781273,0.542308625,0.632671238,0.542978478,0.487988333,0.468310685,0.498231089,0.545388915,0.570407294,0.583401797,0,0,0,0,0,2.79,29.7,72.27,122.49,175.14,1,4
102,292348,6114996,9.99,35.73,84.78,153,249.3,366.84,505.62,619.29,741.33,869.13,0,0,0,0,0,0,0.36,16.65,55.26,109.08,420,1740,3750,5460,6150,6930,8190,11160,16980,25440,0.093523246,0.573286131,0.59388035,0.566553318,0.565413575,0.557018766,0.529092789,0.494902771,0.475733381,0.446521876,0,0,0,0,0,0,0,0,0,0,1,3
103,296184,6115123,5.49,11.97,24.93,30.87,31.86,32.49,36.72,50.31,76.23,126.36,3.96,26.91,69.66,145.8,252.27,374.22,512.46,663.48,836.46,997.47,1440,2910,4350,5670,6240,7680,10770,16110,21630,30540,0.49905482,0.291242604,0.251438765,0.254867155,0.24563819,0.225157438,0.183298947,0.13866935,0.097935837,0.064575983,0,0,0,0,0,0,0,0,0,0,1,3
105,290807,6113187,12.15,46.53,97.74,175.77,249.57,329.76,436.23,553.68,658.08,776.88,0,0,0,0.72,4.14,7.74,10.62,16.29,27.99,43.56,0,0,120,360,3540,6930,11400,15750,22110,28020,0,0,0.02670367,0.164233809,0.221618982,0.30917247,0.370514323,0.404349926,0.408849113,0.40577306,0,0,0,0.09,0.09,1.8,4.05,4.32,4.32,4.77,4,75
106,292916,6114621,7.38,36.27,92.43,169.47,241.38,332.91,440.19,567.9,708.3,874.53,0,0,0,0.54,18.9,45.72,80.28,118.08,160.02,196.2,0,0,330,2370,5970,10170,16050,20250,24450,29400,0,0.265283329,0.379575269,0.512325037,0.570668864,0.542127007,0.505312174,0.478287584,0.462228586,0.454460693,0,0,0,0,0,0,0,0.81,13.68,37.17,2,7
107,286830,6113502,8.46,34.11,75.42,108.63,136.71,197.1,269.1,349.02,416.52,473.13,1.62,11.88,31.41,67.95,131.58,192.33,259.74,331.74,415.62,520.2,420,1020,1860,3330,7560,13320,18060,24660,30870,40230,0.118921643,0.496785488,0.576149531,0.619634461,0.658382155,0.679571105,0.672105643,0.648385557,0.626007275,0.607927083,0,8.01,24.75,45.09,72.09,108,146.34,197.28,252.45,291.69,1,4
108,291309,6127021,10.53,33.03,50.58,86.76,147.51,217.35,301.05,400.41,499.68,595.71,1.71,15.93,54,92.79,123.3,158.31,201.06,245.79,302.13,369.81,510,1890,4920,8700,14580,19110,22830,28680,33210,37200,0.467750063,0.548785921,0.571482425,0.607759189,0.574466399,0.524806068,0.517653969,0.484895674,0.479841697,0.482462362,0,0,0,0,0,0,0,0,0,0,2,10
110,289962,6113451,11.7,40.77,79.74,118.53,168.3,236.52,334.98,454.05,585.99,706.32,0,0.27,2.43,17.73,33.39,48.06,66.69,90.99,123.48,156.24,0,360,1470,3420,5610,8070,10350,14310,20700,27750,0.181326531,0.238414496,0.160303862,0.125217181,0.111984382,0.170206872,0.271180694,0.349205818,0.397344666,0.445144379,0.09,3.06,4.14,4.14,4.32,4.32,7.47,17.37,35.1,65.61,4,83
111,286952,6112815,10.17,37.26,76.5,115.02,159.84,193.23,235.53,280.08,349.38,420.12,0,1.44,11.61,45.36,105.12,185.94,289.35,412.2,506.7,598.95,0,480,3030,6090,8640,12000,15960,22020,29790,38310,0,0.035512362,0.322551538,0.441016232,0.484943992,0.53129791,0.564347074,0.607767646,0.630925677,0.630650082,12.6,48.87,85.5,117.54,150.03,178.92,206.19,221.58,238.05,258.66,3,29
112,287796,6112874,12.33,36.99,65.25,103.95,150.75,200.61,241.92,287.73,348.3,413.55,0.09,9.45,32.85,66.06,107.91,162.09,239.49,321.57,393.21,466.65,60,1140,1710,3840,6840,12180,17190,23880,31860,39900,0,0,0,0.058624341,0.205302431,0.388519784,0.526952786,0.598603644,0.622837749,0.624186307,12.6,42.57,82.26,135.9,191.07,229.77,241.38,253.53,272.16,295.29,3,29
118,293622,6112665,12.6,49.68,99.36,171.18,262.53,360.99,469.8,589.77,707.94,812.34,0,0.45,9.36,19.71,32.31,48.51,75.15,113.94,161.64,223.2,0,150,1020,2400,5190,10080,14910,21780,31110,39270,0,0.536551422,0.625807785,0.645378787,0.664009397,0.679598656,0.669940517,0.652116968,0.638295774,0.626337702,12.69,31.68,51.21,79.47,113.22,132.66,141.03,142.74,142.74,142.74,3,29
119,290433,6112064,12.6,42.39,75.24,109.71,147.6,192.06,246.06,319.41,435.42,573.75,0,0,0,0,0,0,0,9.27,20.43,40.32,0,0,1740,3090,5130,9030,13350,20250,28890,34890,0,0.129799892,0.42505513,0.4928231,0.497029507,0.460007426,0.419820804,0.426400073,0.453439378,0.473928952,0,0,0,0,0.18,0.18,0.18,1.35,9.54,19.26,2,5
120,293410,6111294,12.6,50.22,109.8,191.07,278.73,363.69,468.18,563.85,666.99,763.29,0,0,0,0,4.59,20.52,40.95,65.52,91.35,146.34,0,0,0,660,3090,8730,13410,19620,25620,32220,0.028163265,0.171371173,0.34241305,0.415907072,0.427103337,0.436740024,0.485637744,0.529012457,0.560732355,0.579958997,0,0,0,0,1.17,9.72,34.29,59.31,81.45,101.88,2,12
121,289258,6110222,11.88,36.36,70.74,98.01,130.05,154.35,182.61,234.18,280.89,324,0,5.13,20.7,47.07,70.74,111.78,177.66,249.12,327.96,429.3,0,1140,2550,4590,8970,14190,20130,26100,32100,38220,0,0,0,0.02178385,0.151525399,0.217238312,0.298514564,0.364163133,0.426328205,0.461225429,0,0,0,0,0,0,0,0,0,0,2,12
122,293426,6110758,10.53,40.77,86.49,145.8,222.21,293.67,375.57,470.79,571.32,648.18,0,1.62,11.25,30.24,52.83,72.18,89.28,111.6,132.12,156.33,0,390,1920,5040,9240,15300,19350,23010,26670,33630,0.32,0.451171875,0.49837017,0.49844401,0.494661345,0.482660931,0.464395455,0.452285498,0.458146147,0.494804581,0,0,0,0,0,0,1.89,9.36,25.02,48.15,4,75
127,299139,6131402,9.99,25.11,40.59,60.3,84.6,118.8,189,269.82,350.46,409.05,1.35,21.51,66.69,130.41,211.86,302.31,386.28,471.33,581.85,735.75,630,2760,5910,9510,15300,21150,30750,37440,47430,56430,0,0,0,0,0.079676113,0.136919886,0.211298161,0.303974501,0.33661013,0.341165822,0,0,0,0,0,0,0,0,0,0,4,81
129,286702,6124123,12.6,43.56,76.41,114.03,171.36,230.04,282.24,336.87,364.05,397.71,0,4.95,19.98,34.02,61.65,106.29,160.11,222.84,307.17,400.5,0,1020,3060,4890,6360,8910,11670,16200,23430,32040,0,0,0.013358175,0.149062768,0.250008255,0.254148707,0.231657789,0.214738065,0.238457665,0.270434455,0,0,0,0,0,0,0,0,0,0,4,41
130,291108,6131639,12.69,48.42,93.96,133.29,167.31,194.76,224.28,254.61,289.89,327.6,0,0.09,5.31,12.78,22.5,73.44,150.75,232.2,333.99,458.37,0,60,1200,2790,5790,11100,15960,21330,24840,32790,0,0.003597111,0.161829178,0.322249918,0.435844981,0.443260102,0.42116166,0.389988342,0.366953041,0.330523383,0,0,0,0,0,0,0,0,0,0,4,36
132,294520,6116766,12.51,47.52,91.71,150.75,207.45,258.3,327.51,380.16,429.12,477.36,0,0.45,8.91,28.26,60.57,119.7,194.31,298.62,434.52,588.78,0,210,1920,5820,10020,14610,18840,22920,25050,29100,0,0.0211616,0.116258457,0.233786606,0.264138696,0.253818293,0.252422061,0.27209173,0.283735867,0.282100287,0,0,0,0,0,0,0,0,0,0,4,39
136,290721,6123191,10.53,29.16,41.67,65.88,85.5,107.1,135.72,185.49,235.44,306.18,0.63,6.3,22.14,40.95,81.36,117.45,154.62,191.88,248.85,309.96,510,3720,6720,12030,16620,21240,26340,32970,39900,48810,0,0,0,0.006215433,0.021595167,0.032944645,0.075919152,0.137035504,0.171915804,0.260172862,0,0,0,0,0,0,0,0,0.09,5.22,4,81
139,301694,6130960,8.19,24.3,42.21,53.91,65.16,81.81,110.79,131.4,150.21,171.72,4.14,21.96,61.56,125.46,202.41,288.09,394.56,554.04,731.97,923.85,900,2850,6510,9720,13770,19380,26910,31470,35370,42330,0,0,0,0,0,0,0,0,0,0,0,0,0,0,0,0,0,0,0,0,4,80
140,291554,6122635,5.67,19.26,27.63,42.93,64.44,100.71,138.96,176.67,229.23,298.89,2.07,3.15,9.63,32.04,64.26,100.8,146.25,204.39,254.97,312.57,1320,3390,6090,9660,13890,17670,23430,29610,34320,40950,0,0,0,0.105534816,0.172714577,0.211800274,0.275682188,0.340137326,0.429983182,0.472155668,0,0,0,0,0,0,1.53,10.44,20.16,32.13,4,89
141,295111,6124070,9,14.94,27.09,44.64,71.37,102.87,135.72,162.81,199.89,240.12,1.62,10.44,18.63,28.35,48.24,84.33,134.46,202.05,287.37,381.15,1050,4590,8220,11280,16440,21780,27480,33150,41430,49650,0,0,0.064080496,0.07230731,0.064340907,0.092635163,0.129587168,0.142865354,0.141852189,0.148846693,0,0,0,0,0,0,0,0,0,0,4,72
143,296214,6122469,12.06,38.16,63.36,78.48,99.81,123.48,143.37,163.8,202.86,241.56,0,8.37,34.74,72.9,123.21,180.72,255.24,338.31,411.3,532.98,180,3330,7920,11940,16530,22080,27660,33480,41970,49920,0.460638683,0.322465724,0.242471318,0.19177856,0.152297027,0.124252148,0.106234314,0.091705491,0.074376424,0.067092833,0,0,0,0,0,0,0,0,0,0,2,12
144,285800,6113207,6.93,20.43,45.18,81.45,133.92,184.59,228.42,255.06,299.43,358.74,2.07,18.99,46.89,87.57,126.81,164.79,248.04,386.37,534.78,689.4,720,1980,3510,6630,12060,19290,26640,30660,34950,38400,0,0.117982796,0.343258483,0.409303184,0.470833729,0.495058093,0.513507853,0.530541835,0.550104761,0.551021185,0,0.36,0.36,0.63,9.99,28.62,54.72,78.39,103.23,131.04,4,75
145,292847,6117373,6.03,27.9,53.37,78.21,134.73,214.2,306.18,396.36,493.47,606.51,0,4.59,23.22,61.02,98.37,140.22,192.69,256.77,347.4,446.04,0,720,2460,5130,6990,11490,15900,21630,29670,35490,0.195002398,0.320466623,0.411078754,0.390514373,0.396654199,0.383110055,0.359625732,0.336019971,0.302682819,0.272752105,0,0,0,0,0,0,0,0,0,0,4,39
150,288612,6112797,7.92,23.85,38.79,60.39,95.49,142.29,209.25,294.48,384.21,475.02,1.98,14.94,34.2,65.7,108.09,143.55,171.81,207.81,259.38,313.74,330,1290,5400,8010,10470,14370,18660,24180,29400,35130,0.049149071,0.365835337,0.553912448,0.55485307,0.53711201,0.519101469,0.517106365,0.521864412,0.553753023,0.57468087,10.44,28.71,41.67,59.49,83.61,116.19,157.14,201.51,246.78,281.61,3,29
151,290340,6120446,12.33,44.91,85.41,126.09,183.33,242.1,311.22,378.09,435.51,479.52,0.18,5.13,25.74,59.85,109.89,179.73,252.99,353.79,483.48,635.22,120,1170,2820,6510,9090,15420,22260,33150,44520,57930,0.15775581,0.396938448,0.393465837,0.446283455,0.540796751,0.641353092,0.675511597,0.649724871,0.619193416,0.57605694,11.43,33.75,68.04,102.78,129.24,143.01,148.32,148.5,148.5,148.5,3,25
152,294311,6125062,9.09,22.05,39.06,68.67,109.26,138.69,164.07,189,205.29,220.68,1.35,11.16,39.42,78.03,121.05,181.08,254.07,335.52,424.26,515.43,840,2070,5850,9210,13560,20460,25440,33930,41070,46950,0.587246663,0.590792072,0.394318308,0.264045059,0.229520452,0.205631438,0.199129957,0.171148101,0.154184225,0.141868025,0,0,0,0,0,0,0,0,0,0,1,3
153,295426,6133370,4.32,17.82,44.73,73.17,116.73,163.62,217.44,270.72,318.96,375.66,7.83,28.89,60.93,112.14,168.66,243.63,331.2,442.35,572.94,715.77,960,2790,5100,7950,14280,20160,26580,35130,46560,58440,0.499614198,0.315895543,0.2205393,0.181051663,0.224118823,0.248855684,0.236800127,0.244550541,0.2733743,0.283743132,0,0.45,0.45,0.45,1.26,1.98,1.98,1.98,1.98,1.98,2,10
154,295439,6133829,12.51,39.78,66.87,95.04,130.14,179.28,232.83,297.36,354.06,401.58,0,6.03,36.54,81.9,138.6,205.11,290.88,398.43,522.99,654.93,0,1530,5070,8760,13170,17850,26640,35730,46500,59310,0,0.019386292,0.157782884,0.159824508,0.179233361,0.241476985,0.251295403,0.230047119,0.223265791,0.259190755,0,0.18,1.71,1.98,1.98,1.98,1.98,1.98,1.98,4.23,4,75
155,293138,6143383,4.86,19.8,32.22,56.25,83.61,102.51,123.75,143.28,160.47,167.31,0,0.18,20.61,49.86,104.58,183.6,258.3,351.9,460.89,584.82,0,120,3720,6840,13110,21270,28020,33570,39810,46290,0.350887782,0.491476578,0.571428571,0.638201131,0.63553835,0.61050768,0.591650154,0.559190679,0.531301661,0.515960205,2.88,16.47,28.08,41.4,47.25,47.25,47.25,47.25,47.25,47.25,4,36
156,292922,6142999,0.27,2.79,9.36,34.47,65.79,90.63,105.39,124.47,143.19,157.41,2.34,14.76,33.57,66.24,116.1,181.71,270.18,357.48,457.74,578.88,390,990,3270,5700,10050,16500,22530,30810,38040,44730,0.297520661,0.372319074,0.560057194,0.609712591,0.615612952,0.619211488,0.60481452,0.584461604,0.561160705,0.530219224,8.91,28.17,43.11,45.9,45.9,47.16,47.25,47.25,47.25,47.25,3,24
157,294768,6112891,11.7,30.15,66.69,106.11,142.56,185.67,228.42,280.26,347.58,432.99,1.26,9.45,26.1,60.75,119.43,195.84,284.85,386.28,501.66,626.58,300,1350,7020,11700,15330,19710,24360,29550,31800,33210,0.299283259,0.507018156,0.560250595,0.530975713,0.505579294,0.554876105,0.603261166,0.634838881,0.648755548,0.652092879,9.63,26.46,49.14,80.28,114.39,133.65,142.74,142.74,142.74,142.74,3,29
158,295983,6129930,8.28,19.26,29.07,33.21,36.63,45.63,73.08,105.21,151.65,205.11,4.23,28.98,76.14,140.49,220.32,317.07,427.77,566.46,708.21,855.54,720,2880,5640,8850,11250,14640,20010,27150,36720,44100,0,0,0,0,0.080006049,0.142646123,0.115373156,0.096742015,0.111537735,0.129548237,0,0,0,0,0,0,0,0,0,0,4,85
161,292246,6143739,4.68,10.89,14.4,18.45,29.34,45.99,53.91,64.71,87.57,106.92,3.24,7.2,14.67,26.46,34.56,58.05,111.06,173.97,246.78,333.45,510,1170,2700,4710,6180,11040,15630,23490,29550,37380,0.453983083,0.498133808,0.606020602,0.647897135,0.645040675,0.60557473,0.57319602,0.55050479,0.557320422,0.551395774,0,0,7.38,22.32,39.6,45.63,45.9,46.53,47.25,47.25,2,8
164,286312,6122020,3.69,7.92,21.33,43.92,84.6,147.87,230.67,305.64,364.41,438.93,0.9,11.79,35.28,69.21,107.19,141.75,176.85,212.13,262.35,313.2,390,1770,5040,8400,13470,20100,27570,32190,38970,48300,0.200550809,0.436810183,0.579511891,0.583344905,0.519983556,0.43323922,0.37704028,0.349647364,0.327552164,0.305771653,0,0,0,0,0,0,0,0,0,0,2,9
165,288681,6110218,12.24,41.58,76.95,110.25,130.23,163.53,206.01,250.56,288.09,319.68,0,2.34,15.03,48.78,109.8,165.24,216.63,291.78,398.52,534.06,0,450,2280,5760,10800,16740,23100,28200,32610,38100,0,0.043614654,0.150521873,0.226535859,0.269724594,0.342875424,0.402179717,0.460906089,0.48297672,0.507373023,0,0,0,0,0,0,0,0,0,8.73,2,12
166,293813,6117498,12.42,43.92,90.54,143.91,185.4,233.64,291.96,364.41,426.33,501.75,0,6.12,19.08,49.14,100.53,164.43,234.81,311.76,417.06,548.46,0,1350,3690,6180,7590,9150,12540,18420,26580,34860,0.028565427,0.392315958,0.489721232,0.495405494,0.479203014,0.435224062,0.384618747,0.337158511,0.309175542,0.283354186,0,0,0,0,0,0,0,0,0,0,2,7
167,286922,6114483,8.64,27.9,59.58,90.81,144.72,200.07,258.93,318.42,375.93,427.05,3.96,22.23,50.4,101.61,144.72,187.83,249.75,316.53,408.87,548.37,540,1530,3480,5490,9210,13530,18480,24120,29220,37890,0.357432369,0.519965278,0.509646169,0.541798099,0.591167574,0.633481457,0.636893615,0.622809049,0.600642702,0.598369066,0,0,0,0.18,15.3,41.94,79.56,123.48,158.76,191.16,2,7
169,292696,6131807,10.53,20.88,29.16,52.65,68.22,89.28,126.63,176.76,229.59,272.07,1.8,19.26,56.61,95.13,150.66,244.89,343.08,450.99,581.67,744.66,480,2640,5190,8760,13380,16740,23400,31800,40830,49170,0.402485207,0.66308334,0.645522491,0.573549111,0.547799432,0.528869026,0.515467147,0.48528717,0.442066678,0.407685374,0,0,0,0,0,0,0,0,0,0,2,14
170,292886,6137597,0.36,7.92,24.84,52.29,82.98,105.57,126.63,150.57,173.79,205.83,1.44,17.28,40.5,68.04,108.09,159.48,236.34,297.18,387.9,488.97,390,2820,6210,8280,10740,15000,18660,25470,32070,37800,0.39540893,0.504349717,0.560487025,0.587767588,0.604730573,0.623553674,0.641010279,0.652454424,0.65518889,0.668639928,3.15,17.28,43.2,75.24,109.89,157.86,204.39,268.92,335.97,394.56,2,7
171,293922,6143262,8.01,17.46,44.01,82.8,108.63,123.57,134.46,149.76,165.6,166.5,0.99,16.65,41.04,77.76,146.16,231.03,343.62,462.69,613.44,781.56,270,3090,8910,13740,18240,21990,25860,31710,38400,42090,0.126180112,0.475578512,0.544197932,0.517678554,0.533802652,0.551252353,0.559829211,0.546126307,0.531958575,0.517975987,0,0.9,1.35,2.88,11.07,22.86,35.28,45.18,47.25,47.25,2,6
172,297150,6128229,8.37,28.08,45.45,75.33,122.13,176.76,224.91,275.94,336.42,402.48,3.78,20.79,62.46,112.59,170.37,235.89,321.48,433.71,555.66,706.5,480,1890,4710,9300,15960,22980,29400,37410,45450,52170,0.450788158,0.322804241,0.20931328,0.127066116,0.103613875,0.204240749,0.298132136,0.307183861,0.310016109,0.2948515,0,0,0,0,0,0.54,2.16,2.16,2.16,2.16,2,7
173,286884,6121933,3.96,13.05,35.73,73.98,109.26,171.45,230.22,294.48,383.94,466.29,1.98,10.44,21.42,38.25,71.82,102.15,154.98,216.18,261.45,331.02,510,2880,6420,9960,14880,19620,26130,32310,41940,49740,0.544240161,0.665430044,0.586543084,0.495465867,0.448898921,0.449471911,0.44084697,0.418911184,0.371454207,0.341116013,0,0,0,0,0,0,0,0,0,0,1,3
174,292872,6121123,8.37,14.85,18.72,23.4,36.54,63.72,108,150.75,192.96,243.54,2.88,19.8,57.24,106.02,174.24,244.8,301.05,378.72,469.8,585.63,600,2310,3720,6870,12240,18210,26370,35940,44370,54810,0.395890282,0.236831988,0.181730506,0.128712087,0.074753086,0.048413058,0.065107313,0.134719083,0.256091653,0.332105167,0,0,0,0,0,0,2.61,4.68,13.68,27.81,1,2
175,295038,6125529,10.98,31.23,56.79,100.98,128.88,142.74,158.04,203.94,240.66,285.66,1.44,17.55,53.91,87.03,151.38,242.1,345.6,449.1,575.91,676.53,510,3540,6960,11760,18540,24450,29880,37020,43950,50640,0.102638063,0.160544234,0.228941898,0.208108591,0.247814863,0.221768194,0.196377146,0.158583569,0.155453513,0.163244606,0,0,0,0,0,0,0,0,0,0,4,78
176,297135,6126523,11.79,35.82,69.84,111.24,148.59,179.19,217.35,249.93,280.89,306.63,0.18,11.97,39.06,73.89,140.13,236.43,349.83,492.57,660.78,853.92,270,1170,3480,7050,12300,17730,26430,33390,39930,44370,0.429006511,0.379122212,0.227378609,0.278036227,0.269876733,0.225696395,0.185082399,0.167896957,0.173446723,0.189981524,0,0,0,0,0,0,0,0,0,0,1,3
178,292676,6118380,9.63,18.36,22.5,36.45,74.97,129.87,184.77,238.23,305.19,392.76,2.97,29.61,76.95,136.35,196.38,261.45,349.56,454.41,564.75,679.14,660,2820,4620,8400,11910,17190,25290,33480,41460,51810,0,0,0.103513857,0.105569109,0.197385481,0.274955937,0.259232178,0.265511006,0.26692593,0.25989877,0,0,0,0,0,0,0,0,0,0,4,39
182,294783,6122174,6.57,9.45,17.46,26.46,50.13,75.6,114.66,172.08,218.97,267.21,4.86,18.72,43.2,85.41,123.84,164.61,218.25,274.5,333.63,412.65,1230,2550,4710,7650,14010,21180,29640,39330,50310,61920,0,0,0,0,0,0,0.004296436,0.072376887,0.067484963,0.055600145,0,0,0,0,0,0,0,0,0,0,4,80
183,294406,6119881,5.22,8.37,18.09,40.05,69.84,106.83,125.91,154.71,174.06,220.77,5.76,33.3,75.24,131.4,207.36,282.78,389.34,509.04,670.59,831.33,810,1800,4230,9930,16500,26370,34320,41610,48420,61950,0,0,0,0,0,0,0,0.013502752,0.023495373,0.069994344,0,0,0,0,0,0,0,0,0,0,4,36
184,295008,6124949,10.62,32.76,58.77,87.03,119.07,157.5,181.08,191.16,202.95,239.76,0,8.19,30.69,62.73,114.39,183.06,263.34,358.38,460.8,552.96,300,3390,6690,11970,18870,26700,33510,36870,41070,48630,0,0.107648092,0.170712338,0.243870983,0.211432293,0.202532665,0.175866296,0.165776424,0.154686457,0.148490919,0,0,0,0,0,0,0,0,0,0,4,85
186,286500,6115253,9.9,18.09,38.52,72.99,127.53,185.49,225.54,256.68,280.98,318.24,2.7,26.37,64.08,113.58,166.86,237.51,329.67,459,596.61,746.37,690,2280,3330,5640,7710,10770,15480,19800,23850,29130,0.212669095,0.151344457,0.11669698,0.192319563,0.263239691,0.299498431,0.357544394,0.426053404,0.515935862,0.543704563,0,0,0,0,0,1.26,8.37,21.69,47.34,72.63,4,74
187,298427,6130284,11.61,39.24,77.67,122.94,170.91,234,305.91,363.6,425.88,480.15,0.81,9.9,33.21,72.99,132.21,197.46,274.05,378,498.87,653.04,270,1830,4980,8880,13380,20730,28590,39270,50520,60210,0.498614958,0.338668371,0.247458566,0.174612622,0.182693465,0.159036381,0.190364806,0.219870914,0.269409364,0.315896776,0,0,0,0,0,0.9,2.16,2.16,2.16,2.16,1,3
188,290170,6121709,12.33,41.49,77.13,115.74,162.72,226.08,299.7,362.52,407.97,443.79,0,8.37,35.1,82.35,131.04,164.07,217.35,296.73,386.37,490.23,0,1650,5250,8430,12060,16830,23640,35280,44910,55110,0.15775581,0.399713952,0.534089088,0.585943737,0.661086493,0.681714358,0.685146055,0.666039922,0.637763084,0.608470717,0,0,6.75,13.41,39.42,79.65,109.62,126.99,140.22,145.98,4,77
189,287806,6123533,12.42,46.08,89.91,131.4,176.67,230.85,301.68,369.18,447.66,530.82,0,0,3.87,13.68,42.84,86.4,135.72,191.88,252,327.24,0,0,1320,3870,9300,14040,18150,23700,32880,41610,0.489498005,0.490663159,0.478168203,0.407848591,0.366833823,0.338217195,0.320186207,0.314920384,0.323957188,0.313819351,0,0,0,0,0,0,0,0,0,0,4,64
190,291852,6135514,12.51,50.13,110.7,172.62,231.39,301.68,357.21,398.61,438.57,490.95,0,0,0,2.25,10.53,25.65,61.65,120.51,186.21,270.72,0,0,0,510,2250,4770,12150,19530,27240,36210,0.284081633,0.428109229,0.520043039,0.539478723,0.536475779,0.538903338,0.518925461,0.535392862,0.5489028,0.564580842,0,0,0,0,0.09,0.18,7.02,26.55,57.33,106.38,4,47
191,287905,6105850,9.18,19.62,32.13,47.43,67.23,80.37,82.62,83.61,91.98,104.31,1.17,20.16,58.32,105.21,158.67,232.29,334.26,448.29,591.12,748.53,510,2820,4650,8880,12330,16740,19320,23970,29280,35130,0.215857988,0.462263012,0.470733611,0.491072756,0.49998053,0.492005094,0.48066662,0.457921282,0.422415968,0.38207068,0,0,0,0,0,0,0,0,0,0,2,8
192,288690,6105355,9.09,22.77,40.41,57.78,70.47,73.44,78.21,93.15,111.69,137.88,0.72,7.74,20.16,40.68,84.06,147.96,239.04,336.24,451.26,595.26,210,2220,3810,6030,8610,11430,15180,19020,23310,29340,0.124444444,0.322686529,0.401820587,0.439684635,0.458957021,0.484615695,0.499999757,0.482328852,0.458152082,0.44716034,0,0,0,0,0,0,0,0,0,0,2,8
193,289576,6104020,10.89,23.76,27.99,30.42,38.07,46.53,50.04,57.78,73.17,92.43,0,0,0.18,4.77,27.27,60.3,108.18,208.89,360.63,523.8,240,2010,3300,5130,8880,11280,14460,18300,24450,31410,0.057919358,0.364573202,0.441961818,0.478029649,0.505737835,0.453715649,0.447934256,0.450514359,0.439068613,0.422177824,0,0,0,0,0,0,0,0,0,0,4,85
194,289068,6103339,3.51,7.83,15.48,25.56,38.25,48.87,56.79,60.66,68.76,80.46,0,0,0,10.44,52.29,108.45,179.28,271.62,389.79,523.62,900,1650,3090,4440,7500,13020,18900,26610,32490,38730,0.093523246,0.573276616,0.502815618,0.359780008,0.314678598,0.332694456,0.329034702,0.305778212,0.264353932,0.28477707,0,0,0,0,0,0,0,0,0,0,1,1
195,288473,6103527,8.73,16.92,19.98,21.51,24.84,34.92,49.59,60.12,77.49,118.17,0,2.43,23.58,60.84,103.41,153.54,216.18,302.4,416.52,540.27,600,1860,3180,4200,5940,8370,12540,18450,27540,36810,0,0,0.206020802,0.361884803,0.344834767,0.230445762,0.189347549,0.243395443,0.356298276,0.395362687,0,0,0,0,0,0,0,0,0,0,4,74
196,288852,6094670,12.69,43.83,86.04,139.41,199.35,255.51,313.11,383.85,448.74,501.39,0,5.31,21.33,51.93,97.29,165.06,254.25,347.4,448.92,566.01,0,960,1590,2430,3360,5580,9630,15360,20580,26670,0.156734694,0.420382315,0.544942199,0.524440164,0.500057159,0.528441439,0.578793879,0.648937691,0.676663199,0.683664638,1.08,13.5,47.25,92.52,144,181.62,208.44,214.74,215.28,215.28,2,8
197,288016,6094916,12.42,32.94,58.23,94.77,134.46,174.87,223.74,278.01,333.81,374.94,0,16.02,48.6,88.83,133.92,186.75,271.98,377.82,502.38,648.09,0,1290,2460,3810,5520,7230,8520,10110,13380,19680,0.349878371,0.385784304,0.373589089,0.435509699,0.509284922,0.53973695,0.543808945,0.592374321,0.639358727,0.664240578,9.9,27.09,51.03,77.31,100.89,129.78,160.29,183.24,203.4,213.03,3,18
198,288542,6095289,10.8,45.9,100.53,174.69,242.82,307.44,353.34,389.97,420.12,445.86,0,0,0.36,8.01,38.7,76.5,131.13,211.59,324.99,473.94,0,0,240,1770,4890,7680,10440,14160,20340,24690,0,0.031737773,0.230766023,0.3914412,0.499782558,0.587641184,0.633153002,0.656588916,0.670910219,0.679468872,12.33,49.41,98.91,146.7,179.1,197.01,207.09,213.75,215.28,215.28,3,24
199,289818,6095085,9.45,32.58,72.27,132.75,202.14,271.53,326.52,383.49,451.44,508.41,0.9,8.91,21.78,38.88,71.1,115.56,175.14,236.07,306.18,406.53,480,1020,1680,2490,4350,7080,9810,14130,20550,27780,0,0.321842105,0.548626407,0.607091679,0.651977008,0.669915939,0.673625526,0.671960665,0.680780371,0.690109366,0,5.31,28.17,64.08,98.28,124.56,148.23,176.58,200.52,213.48,4,36
200,290525,6094327,9.9,31.95,56.34,88.83,122.85,153.36,182.88,226.35,289.35,370.26,2.43,18.09,51.84,101.79,171.09,263.16,357.48,454.95,560.97,675.63,540,1290,4560,8280,10920,12330,15090,18300,22620,28620,0,0.279552,0.499741044,0.485949382,0.477282344,0.494422448,0.535621918,0.572355157,0.594816214,0.597580707,0,0,0,3.6,11.34,12.42,25.65,45.45,75.6,104.76,2,6
201,288768,6096342,12.51,40.05,74.79,118.53,170.19,232.2,294.3,375.48,451.98,504.99,0,0,0,0,0.27,10.62,42.57,96.93,171.09,272.97,0,1290,4020,6420,8160,11490,14820,18390,21390,27300,0.287334594,0.447006515,0.67344097,0.70773423,0.699318396,0.673208992,0.669752233,0.685691669,0.695365261,0.700432152,0,0.72,15.12,37.8,70.83,117,151.92,178.38,192.69,202.41,2,5
202,289610,6095851,12.33,39.24,78.75,122.04,175.41,240.57,338.31,444.06,519.12,571.95,0,0,1.44,16.2,32.4,44.55,59.04,72.27,112.23,187.47,210,900,2190,3900,5940,8580,12300,15930,19590,25350,0.253508375,0.469856107,0.509713575,0.542579099,0.591237919,0.626632196,0.68087244,0.705875324,0.707258102,0.705861009,10.8,25.11,44.19,67.59,95.76,128.34,154.35,179.28,200.25,211.05,3,30
203,288235,6096071,9.18,28.35,61.29,101.25,149.04,206.1,269.28,326.7,366.57,415.08,0,0,0,3.42,21.15,60.84,111.51,196.47,307.71,445.5,360,1230,2070,3960,8040,11010,13860,16740,20640,23190,0.29625,0.593817817,0.673988085,0.689510666,0.695284971,0.665079402,0.651398804,0.648780278,0.665320715,0.68329412,0.27,4.86,24.39,49.77,80.82,120.15,157.86,190.89,200.79,204.57,1,2
204,290239,6096225,4.68,11.16,24.39,44.64,77.58,129.06,210.06,302.13,397.26,495,0,0.72,6.3,15.75,31.95,50.85,77.13,107.82,161.46,225.72,930,2040,3120,4500,5760,8430,10980,15000,17910,23460,0.177742511,0.434491324,0.572574163,0.638971463,0.694715026,0.691795182,0.68104005,0.672059287,0.675778331,0.687476183,0,0,2.52,8.28,18.9,35.46,56.52,83.07,115.83,148.77,1,4
205,289223,6096928,7.11,21.42,43.56,91.53,157.23,230.94,273.42,318.33,366.48,422.28,0,0,0,0,0,10.62,33.03,72.81,135.99,214.38,1110,2880,6060,7890,9300,13020,16860,19980,22170,27240,0.1472,0.398672666,0.417523792,0.437609931,0.472670467,0.604957326,0.671610995,0.696905207,0.702046585,0.693832376,0,0,0,0,1.62,24.12,54.45,80.91,113.94,149.58,4,36
206,289496,6097717,12.6,44.64,71.1,92.7,121.59,154.35,177.21,210.78,250.11,283.95,0,0,0,0,0.45,23.22,63.36,119.7,182.25,256.5,0,1410,3000,5130,8070,12600,18540,20850,24180,27600,0.093731402,0.330048747,0.477456522,0.494024679,0.498794981,0.499366241,0.496345857,0.501752589,0.522139633,0.579253603,0,0,0,0,0,0,0,0,3.42,25.83,4,36
207,289506,6098211,5.22,15.93,30.24,53.01,79.02,117,150.21,161.01,170.1,201.24,0,0,0,5.31,28.08,66.78,119.52,187.02,261.99,353.34,870,1410,2610,5160,7770,10410,14010,17730,21810,25650,0.42,0.410009183,0.2822,0.32882526,0.412507373,0.475631854,0.489172142,0.485325914,0.486100803,0.48506728,0,0,0,0,0,0,0,0,0,0,2,13
208,289978,6093406,8.37,27.45,45.45,49.68,66.06,99.9,148.59,198.72,251.46,318.33,2.79,17.91,57.69,134.1,224.82,324.18,435.06,566.82,707.13,852.93,360,1020,4650,7140,10350,13800,18990,24990,33030,39300,0,0,0,0.028874666,0.256093019,0.407903473,0.475884566,0.485792717,0.486381331,0.48764348,0,0,0,0,4.14,9.54,14.13,17.91,29.43,51.03,4,36
209,291175,6099992,10.17,22.05,32.04,36.72,40.23,42.48,45.9,46.17,49.59,54.54,0.81,7.92,14.94,21.51,38.34,81.63,139.59,211.23,301.14,388.98,480,1650,3180,4380,6000,7140,9990,12540,15360,20970,0.305966138,0.464965398,0.498694656,0.476824731,0.435341794,0.411225775,0.337814131,0.294210573,0.260103169,0.202785385,0,0,0,0,0,0,0,0,0,0,1,3
